id,name,emp_id,age,department
6,Lisa,9175,28,IT
7,Sabrina,3581,76,IT
8,Kyle,2982,46,Finance
9,Heather,7761,58,HR
10,George,3688,30,Marketing
11,Brandon,9577,73,Sales
12,Gabriel,5905,43,HR
13,Natasha,7697,27,Sales
14,John,1310,57,Marketing
15,Rachel,5071,57,IT
16,Thomas,6696,46,Sales
17,Erin,7678,36,Finance
18,Caleb,2733,51,Finance
19,Gloria,6842,57,Sales
20,Whitney,8070,45,IT
21,Kathleen,3538,34,Sales
22,Mary,5609,59,IT
23,Matthew,1268,59,HR
24,Nicholas,8088,46,HR
25,Eric,5392,36,HR
26,Pamela,3974,42,Sales
27,Cheryl,2315,46,HR
28,James,5053,72,Finance
29,Tammy,1101,67,IT
30,Lauren,2682,75,Sales
31,Isabella,3926,49,Marketing
32,Lauren,9231,57,HR
33,Charles,8713,72,HR
34,Kimberly,5927,46,IT
35,Richard,3545,32,Marketing
36,Michael,8310,63,Marketing
37,Jesse,2003,41,Marketing
38,Megan,6740,78,HR
39,Michael,3052,25,IT
40,Daniel,6164,35,HR
41,Anthony,7197,76,IT
42,Isaac,3646,55,IT
43,Karen,2886,64,IT
44,Abigail,3184,58,IT
45,Stanley,8781,35,IT
46,Kevin,4526,71,Finance
47,Daniel,6817,28,Finance
48,Sharon,2041,33,HR
49,Teresa,1432,59,Marketing
50,Harry,3426,28,Sales
51,Pamela,5324,36,Finance
52,Michael,9602,45,Finance
53,Troy,7750,28,HR
54,Greg,9318,35,IT
55,Jennifer,1545,33,Marketing
56,Roger,2394,66,Marketing
57,Rebecca,6800,56,Finance
58,Nicholas,7289,30,IT
59,Gregory,8836,51,Finance
60,Charles,6648,74,HR
61,David,3070,25,IT
62,Paul,1184,58,Finance
63,Jackie,9185,33,Finance
64,Timothy,5884,77,HR
65,Melissa,1139,33,Sales
66,Todd,6444,41,IT
67,Courtney,5892,69,Sales
68,Jacob,9389,45,IT
69,Cynthia,8180,73,HR
70,Joseph,4342,37,Sales
71,Andrea,9324,42,HR
72,Robin,3553,65,HR
73,Anthony,1529,44,Marketing
74,Shawn,5514,27,HR
75,Melinda,8636,48,Marketing
76,Marc,6436,72,Finance
77,David,3327,78,Finance
78,Joseph,9871,45,Finance
79,Alicia,9465,50,HR
80,Alexandria,9321,76,Sales
81,Julie,8852,48,Marketing
82,Crystal,7882,51,IT
83,Kimberly,5501,74,HR
84,Ryan,4946,66,IT
85,Gloria,3441,60,Finance
86,Teresa,1211,75,HR
87,Amanda,2082,37,Finance
88,Tammy,8333,75,Finance
89,Angel,3798,50,HR
90,Robert,4675,28,IT
91,Hailey,9080,46,Finance
92,Kathy,2876,47,IT
93,William,8761,66,Marketing
94,Brandon,6641,69,Marketing
95,Charles,1145,67,IT
96,Anthony,3855,74,Finance
97,Karen,9148,57,Sales
98,Angela,5191,73,Sales
99,Bradley,5151,52,Marketing
100,Brian,1965,67,HR
101,Donald,9529,61,Marketing
102,Kevin,6416,68,IT
103,Mitchell,2380,49,HR
104,Christopher,5276,66,Marketing
105,Christina,9910,56,HR
106,Samantha,5330,25,HR
107,Melissa,5915,49,IT
108,Matthew,1198,41,Finance
109,Susan,8056,76,Finance
110,Daniel,6580,53,HR
111,Shelley,6180,68,HR
112,Carolyn,8962,55,Finance
113,Steven,9928,40,Finance
114,Jeffrey,1582,35,Sales
115,Michael,4086,59,Finance
116,Austin,1172,64,IT
117,William,4552,27,Finance
118,Angela,2358,69,Marketing
119,Nicholas,4449,56,IT
120,Stacey,9721,42,HR
121,Michael,7904,74,Sales
122,Jennifer,3153,70,HR
123,Lisa,7454,60,Marketing
124,Matthew,6270,56,Marketing
125,Jeremy,3709,27,Marketing
126,Patrick,3376,52,Sales
127,Nicholas,6509,69,Finance
128,Daniel,6135,60,Sales
129,Patrick,2833,27,Sales
130,William,7508,26,IT
131,Kelly,6415,68,Sales
132,Sandra,4340,31,Sales
133,Jeremy,9685,59,Sales
134,Taylor,6985,56,HR
135,Alexander,9434,65,HR
136,Suzanne,9497,75,Sales
137,Dominique,3615,54,Sales
138,Michael,8365,56,Sales
139,Patrick,4620,46,IT
140,David,4464,49,HR
141,Marie,3037,49,IT
142,Albert,1258,78,Finance
143,David,1893,61,IT
144,Stephanie,8600,70,HR
145,Christina,2524,63,IT
146,Ana,2910,77,Marketing
147,Jennifer,8638,59,Sales
148,Stephanie,3076,49,HR
149,Sean,5490,28,Sales
150,Marcus,6661,59,IT
151,William,2357,26,Finance
152,Megan,7389,63,Marketing
153,Melinda,5566,68,Marketing
154,Michael,9207,69,Finance
155,Amy,1421,57,Marketing
156,Brad,6342,45,HR
157,Gregory,6191,34,Sales
158,Dale,8085,30,HR
159,Sharon,7609,58,HR
160,Amanda,3500,76,Sales
161,Patrick,7506,32,Marketing
162,Frank,6973,62,Marketing
163,Tony,9097,32,Marketing
164,Tommy,2622,28,Finance
165,Holly,9875,31,Sales
166,Ashley,5849,73,IT
167,Christopher,6306,30,IT
168,Dawn,8282,46,Sales
169,Kim,8726,44,HR
170,Jody,1141,50,HR
171,Vanessa,9780,35,Marketing
172,Lucas,9704,51,HR
173,Edward,6364,50,HR
174,Brian,1523,78,Marketing
175,Micheal,3850,48,Sales
176,Tiffany,7260,50,Sales
177,Joshua,7114,75,IT
178,Laura,4057,40,IT
179,Allison,2846,48,Sales
180,Matthew,1915,43,Finance
181,Karen,1784,58,IT
182,Cassandra,7924,78,Marketing
183,Kelly,6508,27,IT
184,Brett,1847,46,Marketing
185,Kristen,7257,59,Finance
186,Kyle,2579,61,Marketing
187,Joshua,4781,47,Sales
188,Joshua,3640,39,Marketing
189,Tiffany,8393,36,Marketing
190,Catherine,5285,57,HR
191,Victoria,2751,33,IT
192,Vanessa,2599,26,Sales
193,Kathleen,1867,36,Finance
194,Judy,5752,53,IT
195,Shannon,1159,69,Sales
196,Kyle,2952,67,Marketing
197,Angel,3817,25,Sales
198,Stephen,7085,52,HR
199,Diane,4915,74,Marketing
200,Diana,1886,31,HR
201,Mark,8276,50,Marketing
202,Brian,8572,53,Sales
203,Lawrence,5681,36,IT
204,Karen,9299,75,Marketing
205,Andrea,9664,41,IT
206,Kenneth,4315,68,Sales
207,Jessica,1976,59,HR
208,Jennifer,8166,40,Marketing
209,Elizabeth,9445,37,HR
210,Keith,6182,53,IT
211,April,6425,46,IT
212,Andrew,6040,72,IT
213,Andrea,5813,50,Finance
214,Michael,8821,69,HR
215,Dustin,2072,41,IT
216,Jennifer,3380,41,Marketing
217,Melissa,9180,45,HR
218,Jade,6736,28,Sales
219,Anthony,4629,31,HR
220,Benjamin,7447,56,IT
221,Donald,6618,36,IT
222,Kelly,3703,48,Sales
223,Kathryn,2364,75,Finance
224,Debbie,6712,70,Sales
225,Emily,5470,72,IT
226,Christopher,3907,44,Sales
227,Dustin,7580,37,IT
228,Andre,2572,72,IT
229,Joseph,9758,26,Marketing
230,Christopher,7431,30,Finance
231,John,8377,68,HR
232,Leslie,5411,36,HR
233,Michael,6320,26,HR
234,Marilyn,1817,77,HR
235,Jessica,6767,26,Finance
236,Lisa,5172,53,Finance
237,Danielle,6261,63,Sales
238,Tiffany,1361,41,Marketing
239,Crystal,7094,47,Sales
240,Shelly,9774,42,Marketing
241,Michelle,7026,77,IT
242,Erica,6162,68,Marketing
243,Sophia,2670,56,Sales
244,Bethany,4400,59,Finance
245,Joseph,4772,76,Marketing
246,Erica,1506,69,Marketing
247,Timothy,5147,33,Marketing
248,Sheila,4511,68,Marketing
249,Tamara,6405,41,Finance
250,Manuel,6246,53,Finance
251,Jeremy,3082,44,Sales
252,John,9532,75,IT
253,Caroline,8672,75,IT
254,Erik,4323,73,IT
255,Glenn,6605,57,Sales
256,Devin,7784,27,IT
257,Cynthia,8822,64,Finance
258,Isaiah,4240,42,Sales
259,Anna,4592,35,Sales
260,Jesus,5064,35,IT
261,Paul,3455,38,Marketing
262,Matthew,9261,76,HR
263,Joseph,5715,56,IT
264,Edward,8524,56,Finance
265,Julie,4380,35,Finance
266,Dana,9204,46,Sales
267,Susan,3977,48,Sales
268,Stephen,5613,34,Marketing
269,Jennifer,5761,50,Marketing
270,William,2059,45,IT
271,Michelle,2199,64,Marketing
272,Rhonda,8108,44,Finance
273,Desiree,2708,40,Marketing
274,Jacqueline,7671,55,HR
275,Nancy,3045,58,Sales
276,Danny,3131,76,Marketing
277,Christopher,9070,64,HR
278,Matthew,6565,51,Marketing
279,Jennifer,1038,55,HR
280,Joseph,5020,62,IT
281,Bryan,8958,51,Finance
282,Sydney,5762,37,Sales
283,Matthew,4698,62,Marketing
284,Christopher,3315,29,IT
285,Cynthia,6918,34,Finance
286,Dana,7501,28,Finance
287,Martin,7323,68,Finance
288,Rachael,8426,42,Sales
289,Andre,1686,57,HR
290,Mary,5583,74,Sales
291,James,2306,63,HR
292,David,1693,60,HR
293,Melissa,2548,34,Finance
294,Dana,2631,31,Finance
295,Charles,4993,55,Marketing
296,Diana,9922,71,Sales
297,Michelle,4892,61,HR
298,Andrew,4033,31,IT
299,Charles,6397,60,Sales
300,Dennis,7273,70,HR
301,Shelby,9846,71,Sales
302,Daniel,4284,32,Marketing
303,Karen,8893,56,HR
304,Matthew,1368,43,Marketing
305,Sara,6823,50,Marketing
306,Cynthia,1931,70,Finance
307,Taylor,2824,78,IT
308,Michael,6206,76,Finance
309,Joseph,1288,71,Marketing
310,Harold,9988,37,Marketing
311,Cameron,3866,63,Sales
312,Brittany,1839,52,Marketing
313,Anita,4518,29,Sales
314,Paul,1471,32,Marketing
315,Sarah,2489,31,IT
316,Dylan,2588,47,IT
317,Ethan,5152,66,Marketing
318,Walter,2174,37,Marketing
319,Alan,7579,69,HR
320,April,7624,61,IT
321,Lisa,4566,37,HR
322,Stephen,2848,58,Finance
323,Wendy,1997,68,HR
324,Adam,3014,59,HR
325,James,6774,49,Finance
326,Michael,8514,60,HR
327,Douglas,2234,63,Marketing
328,Maria,7619,45,Sales
329,Misty,1625,42,Marketing
330,Tracy,5630,56,Finance
331,Walter,4334,44,HR
332,Stacy,2198,65,Finance
333,Lisa,7682,71,IT
334,Christopher,2221,67,Sales
335,Christian,4692,30,HR
336,Christopher,4264,31,Sales
337,Jennifer,3231,61,Marketing
338,David,1799,26,IT
339,Leroy,8905,78,Marketing
340,Kevin,6820,69,Sales
341,Kristopher,4435,44,HR
342,Megan,4097,29,HR
343,Jennifer,2996,71,HR
344,Raymond,9472,30,IT
345,Joseph,4835,59,Finance
346,Elizabeth,5310,78,Finance
347,Debbie,7846,44,Marketing
348,Shelly,1191,37,Marketing
349,Makayla,7801,35,Finance
350,Timothy,6418,29,Marketing
351,Jennifer,8389,35,IT
352,John,2179,74,Marketing
353,Mitchell,7062,41,Marketing
354,Pamela,4714,65,Marketing
355,Patrick,2627,33,Sales
356,William,5431,63,IT
357,Kimberly,2771,69,Marketing
358,Anna,4918,69,IT
359,Allison,8941,41,Finance
360,Daniel,8241,36,IT
361,Joel,8925,54,Finance
362,Erica,9113,42,Finance
363,James,1859,62,IT
364,Ian,5382,25,Sales
365,Donna,1751,40,HR
366,Samantha,9223,29,Finance
367,Devin,4757,65,IT
368,Charles,4146,60,IT
369,Shawn,6727,27,IT
370,Christine,3236,32,IT
371,Beth,2463,75,Marketing
372,William,2422,34,Marketing
373,Michelle,1363,42,IT
374,Angela,9228,31,Sales
375,Amy,2053,31,IT
376,Andrew,3902,46,HR
377,Darrell,9568,66,Marketing
378,Ronald,5543,32,HR
379,Connie,3727,75,Marketing
380,John,1722,72,Marketing
381,Jeremy,4577,67,HR
382,Marissa,9192,69,Marketing
383,Michael,6311,71,Sales
384,Amanda,5920,55,Sales
385,Johnny,8061,27,Finance
386,Jacob,9929,44,IT
387,Lori,3434,56,IT
388,Sharon,8373,71,Finance
389,Timothy,7425,58,HR
390,Laura,9213,62,Sales
391,Courtney,6012,26,Sales
392,Connie,7296,41,Finance
393,Andres,3544,61,HR
394,John,6779,49,IT
395,Donald,9423,39,HR
396,Joyce,7895,60,Sales
397,Ryan,2580,34,IT
398,Julie,8838,70,HR
399,Christy,3010,35,Marketing
400,Thomas,6950,37,HR
401,Michael,4548,48,Finance
402,Bradley,2840,71,IT
403,Theodore,7848,48,Finance
404,Mary,9103,35,Sales
405,Brian,2732,66,Finance
406,Travis,4640,56,Marketing
407,Kelly,5140,35,Finance
408,Samantha,7640,70,Finance
409,Francisco,9845,40,IT
410,Justin,3757,25,HR
411,Jay,3187,46,Sales
412,Scott,9992,72,HR
413,Johnny,6409,44,HR
414,Dana,7826,58,Sales
415,Jeffrey,6634,72,HR
416,Christina,7370,74,HR
417,Levi,7562,43,Marketing
418,Vincent,6383,64,Sales
419,Brad,9608,51,Marketing
420,John,4821,72,Marketing
421,Jared,1418,47,HR
422,Amy,7463,28,HR
423,Jamie,4655,36,HR
424,Martin,7084,76,IT
425,Shari,7622,60,HR
426,Bryan,9665,30,Finance
427,Kevin,9938,25,IT
428,Cameron,8411,27,Sales
429,Troy,4824,36,Marketing
430,Brianna,3930,49,Marketing
431,Mariah,2272,52,Finance
432,Spencer,6043,75,HR
433,Nicholas,3555,36,Sales
434,Glenda,9674,46,Sales
435,Cheryl,9672,47,Finance
436,James,4341,42,IT
437,David,6720,78,Marketing
438,Calvin,7355,59,Marketing
439,Carrie,8616,55,Marketing
440,Michael,6178,69,HR
441,Robert,8738,43,HR
442,Allison,9019,55,HR
443,Pamela,7518,28,Sales
444,Stephanie,7193,76,Marketing
445,Elaine,2374,42,Sales
446,Melissa,4744,31,HR
447,Phillip,8976,29,HR
448,Steven,7116,39,IT
449,Maria,5699,31,Sales
450,Anna,4456,59,IT
451,Rhonda,3132,76,IT
452,Erik,7789,59,IT
453,Candace,4576,37,IT
454,Amy,1546,70,Finance
455,Bradley,2339,34,Sales
456,Gregory,4239,26,HR
457,Julie,5532,52,HR
458,Stephanie,3740,48,Sales
459,Daniel,4195,72,HR
460,Brandon,1558,58,Finance
461,Ian,2443,48,IT
462,Brooke,4502,27,IT
463,Roberta,9595,66,IT
464,Cindy,8674,47,IT
465,Sonia,9542,62,Finance
466,Brendan,7555,64,Finance
467,Natalie,5882,40,HR
468,Patricia,8733,51,Marketing
469,David,3610,62,HR
470,Carrie,3399,56,Marketing
471,Isabel,7823,67,Finance
472,Jordan,5286,46,Sales
473,Curtis,2139,68,IT
474,Courtney,9838,28,Finance
475,Adam,7424,63,HR
476,Amber,2560,68,Finance
477,Trevor,7326,46,Marketing
478,Emily,4985,31,Sales
479,Barbara,7575,34,HR
480,Andrea,9440,39,Marketing
481,Carol,6667,73,Marketing
482,Joshua,8504,60,Marketing
483,Anthony,9849,56,Marketing
484,Alexandria,6098,25,Finance
485,Christopher,8425,62,Marketing
486,Brendan,6872,39,Finance
487,Veronica,5016,34,Marketing
488,Karen,3393,66,IT
489,Scott,4754,38,Finance
490,Joseph,9413,69,Finance
491,Joseph,2153,57,IT
492,Sally,8219,59,Finance
493,Dana,3006,44,IT
494,Alexander,9146,72,HR
495,Lisa,2416,41,HR
496,Mark,3658,44,HR
497,Robert,2720,77,Finance
498,William,7652,75,IT
499,Alexander,6850,75,IT
500,James,4373,35,HR
501,Jessica,1316,52,IT
502,Nicole,6324,64,Sales
503,Garrett,3670,74,Finance
504,Alexander,2420,70,Finance
505,Troy,6440,30,HR
506,Kelly,7073,69,Sales
507,Melanie,7356,60,Marketing
508,Courtney,9172,43,HR
509,Denise,2057,74,HR
510,Jasmine,1065,71,Sales
511,Cindy,5225,68,IT
512,Emily,7025,69,HR
513,Eric,5901,61,IT
514,Joseph,1836,57,IT
515,Sandra,1853,30,IT
516,John,7613,71,HR
517,Sabrina,7171,59,HR
518,Tyler,7123,47,Sales
519,Sonya,6489,78,Sales
520,Oscar,7342,67,Marketing
521,Valerie,3929,30,Sales
522,Kellie,7205,27,HR
523,Patricia,2914,62,IT
524,Robin,1724,47,HR
525,Felicia,3334,65,Finance
526,Tonya,1973,32,Marketing
527,Jacob,3096,49,Finance
528,Mathew,8988,76,Finance
529,Morgan,1525,74,Sales
530,Raymond,7899,45,Finance
531,Juan,7987,30,IT
532,Sean,6031,51,Finance
533,Christopher,8730,73,Marketing
534,Christopher,4713,73,HR
535,Kimberly,5049,59,HR
536,Michael,5232,47,Finance
537,Anna,8366,64,Sales
538,Amy,6220,74,HR
539,Jason,9115,28,Marketing
540,John,6540,61,HR
541,Alexander,7754,57,IT
542,Caleb,2763,40,Marketing
543,Kenneth,6944,37,Sales
544,Lisa,8512,54,HR
545,Heather,6119,39,Finance
546,Kimberly,1451,78,IT
547,James,4613,77,Finance
548,John,5659,61,Sales
549,Alan,7706,68,HR
550,Nancy,4617,45,HR
551,Kelly,2256,42,HR
552,Bonnie,8494,58,Marketing
553,Amber,8139,44,Finance
554,Joseph,8129,72,Marketing
555,Megan,7511,61,HR
556,Tony,7419,58,IT
557,Elizabeth,6121,55,Finance
558,Rebecca,9257,28,HR
559,Jeffrey,1718,72,IT
560,John,2425,53,Sales
561,Jeffrey,3870,70,Finance
562,Austin,4381,41,Finance
563,Philip,3758,39,Marketing
564,Lisa,1987,42,Finance
565,Ronald,4933,37,HR
566,Nancy,6285,64,Sales
567,Jennifer,7467,73,IT
568,Sabrina,2517,78,IT
569,James,9525,72,Sales
570,Clifford,1220,25,IT
571,Michelle,6783,25,IT
572,Angela,5570,69,Finance
573,Tyler,3673,37,Finance
574,Michael,2898,65,HR
575,Joseph,4830,64,Marketing
576,Ryan,7635,40,Sales
577,Angela,8094,43,HR
578,Kayla,5898,42,Finance
579,Jeffery,7395,63,Finance
580,Nicholas,3780,55,Sales
581,Kayla,6963,51,Marketing
582,Jeremy,9944,43,Marketing
583,Richard,6293,38,HR
584,Dillon,6637,67,HR
585,Brendan,2465,28,IT
586,Derrick,1068,28,Sales
587,David,7496,35,Marketing
588,Christian,4160,44,IT
589,Mary,6915,58,HR
590,Donald,4651,76,Marketing
591,Donna,1302,77,Marketing
592,Brent,5734,73,IT
593,Ricardo,1752,76,Marketing
594,Kevin,3811,78,HR
595,Manuel,3526,32,Finance
596,Adam,4545,64,IT
597,Justin,9191,26,Marketing
598,Sophia,6919,75,HR
599,Megan,5116,74,Sales
600,Joshua,7646,38,IT
601,Crystal,1543,51,Sales
602,Samantha,3971,56,Sales
603,Seth,5686,67,Marketing
604,Michael,3271,69,IT
605,Stephanie,8183,39,IT
606,Elizabeth,7034,52,Finance
607,Stephen,5233,37,IT
608,Charles,9282,71,Finance
609,Alice,4989,38,Marketing
610,Jaime,6982,68,Marketing
611,Lindsey,3155,41,IT
612,Shawn,8759,25,Finance
613,Lori,4794,41,HR
614,Christopher,4660,64,Sales
615,Christian,8703,64,IT
616,Brad,5281,62,Finance
617,Connie,6797,76,IT
618,Tiffany,5360,61,Sales
619,Roberto,1776,74,Marketing
620,David,4581,38,Marketing
621,Norman,2297,73,IT
622,Crystal,4807,59,Marketing
623,Donna,1578,36,IT
624,Kathy,8278,25,Finance
625,Wayne,8204,39,Sales
626,Benjamin,3968,43,Sales
627,Amy,9572,70,Marketing
628,Alexis,2367,39,Marketing
629,Ian,7995,52,Marketing
630,Kenneth,9143,67,Finance
631,Theresa,3194,52,Marketing
632,David,8513,62,IT
633,Emily,1289,35,HR
634,Jason,8348,25,Sales
635,Justin,6782,25,Finance
636,Lori,1062,74,IT
637,Sabrina,3833,40,IT
638,Scott,3925,65,Marketing
639,Stephanie,8743,48,IT
640,Gregory,2943,52,Marketing
641,Grace,5307,31,Marketing
642,Jennifer,3254,43,Marketing
643,Edward,4331,27,IT
644,Jennifer,8516,56,Marketing
645,Carla,7187,30,Sales
646,Maria,7098,46,Marketing
647,Robert,9967,49,HR
648,Bryan,7865,48,HR
649,Brian,7858,76,Marketing
650,Nicole,4837,49,Sales
651,Kenneth,3879,44,Marketing
652,Aaron,1732,66,Sales
653,Shelly,7664,76,Sales
654,Ryan,2600,42,Finance
655,Lisa,9790,50,Marketing
656,Anthony,6566,36,HR
657,Mary,9216,73,Finance
658,Amanda,3229,61,Sales
659,Joshua,3249,58,HR
660,Francisco,5316,33,Marketing
661,Brandy,7531,58,Finance
662,Jeff,6427,64,Finance
663,Nancy,8304,62,IT
664,Dean,6173,74,IT
665,Charles,2054,34,Sales
666,Katherine,7173,40,Finance
667,Robert,4547,65,Marketing
668,Leslie,5231,63,HR
669,Carl,8830,35,HR
670,Paige,9429,66,IT
671,Dominique,4001,66,IT
672,Deborah,9062,64,Finance
673,Jamie,5766,59,Finance
674,Linda,2752,41,IT
675,Michael,1887,66,Sales
676,Heather,5662,60,HR
677,Stephanie,9535,56,Sales
678,Marvin,7660,47,IT
679,Donald,7185,76,Marketing
680,Ronnie,4388,40,Finance
681,Peter,9627,62,Marketing
682,Joseph,4409,59,Marketing
683,Kyle,7780,42,Sales
684,Laura,3650,31,IT
685,Joshua,6343,68,Sales
686,Richard,4784,58,Sales
687,Jacob,2334,75,Finance
688,Ashley,1733,69,IT
689,Timothy,1602,51,HR
690,Christopher,4787,77,HR
691,Brandon,3355,49,Finance
692,Monica,3816,76,IT
693,Tamara,5126,58,HR
694,Walter,7307,46,Sales
695,James,8968,69,IT
696,Paul,4865,30,IT
697,Arthur,8402,33,Finance
698,Stanley,7221,64,Marketing
699,Jonathan,3374,33,Sales
700,Amanda,2261,55,Marketing
701,Sarah,1327,58,HR
702,Melissa,8222,69,IT
703,Isabella,3585,68,Sales
704,Dale,3991,36,HR
705,Richard,2213,48,IT
706,Denise,5731,70,IT
707,Jason,9508,37,Marketing
708,Richard,8043,51,Marketing
709,Jasmine,3233,77,HR
710,Brenda,6819,45,Sales
711,Richard,1952,75,IT
712,Justin,9353,69,Finance
713,Jessica,7751,74,HR
714,Richard,4178,41,Finance
715,Dawn,9470,50,IT
716,Melissa,1272,41,IT
717,Tyler,3192,56,Finance
718,Joseph,8897,50,Marketing
719,Jenny,7399,59,IT
720,Colleen,7853,34,IT
721,Raymond,3325,38,Sales
722,Joanne,6881,25,Marketing
723,Kathryn,4276,46,Marketing
724,Carlos,4533,45,Sales
725,Lisa,1077,64,IT
726,Stephen,8922,61,Finance
727,Leah,7573,40,Marketing
728,Cheryl,7936,75,IT
729,John,3403,30,IT
730,Daniel,6866,50,Finance
731,Jennifer,4074,47,Sales
732,Matthew,5260,35,Finance
733,Tyler,8873,27,IT
734,Jeremy,5341,77,Marketing
735,Erin,8030,72,Sales
736,Angela,6873,69,Finance
737,Tamara,7487,27,Marketing
738,Jamie,2546,61,IT
739,Sarah,2725,59,HR
740,David,1586,68,Sales
741,Chelsea,3090,74,IT
742,Christian,9902,61,Marketing
743,Donna,7766,31,Sales
744,Pamela,1939,34,Marketing
745,Elizabeth,1717,47,Sales
746,Valerie,2466,29,HR
747,Isaac,3025,64,IT
748,Pamela,8371,46,Marketing
749,Joseph,6269,61,IT
750,Daniel,5130,36,HR
751,Gregory,3836,56,IT
752,Ethan,8741,72,IT
753,Wanda,8054,49,IT
754,Megan,2254,35,HR
755,Brandy,9904,35,Marketing
756,Matthew,5335,36,Marketing
757,Robert,2245,62,Marketing
758,Jennifer,5562,45,Marketing
759,Ashlee,8044,66,Finance
760,Cheryl,7211,30,Sales
761,Benjamin,1021,68,IT
762,Natalie,7360,38,IT
763,Brenda,6650,41,Finance
764,Nicole,7886,59,IT
765,Bob,7860,52,HR
766,Charlotte,8254,39,Sales
767,Shelly,9955,35,Marketing
768,Kelly,3880,32,Sales
769,Karen,4100,63,Sales
770,Aaron,9235,46,HR
771,Crystal,4119,77,Finance
772,Emily,7495,42,IT
773,William,7220,46,Sales
774,Karen,6758,31,Marketing
775,Amy,1644,66,HR
776,Douglas,8279,36,Finance
777,Julia,7710,53,IT
778,Jocelyn,4550,76,Finance
779,Cassandra,2531,65,HR
780,Julia,2775,69,Marketing
781,Lawrence,1589,47,IT
782,James,1092,62,HR
783,Gary,8459,25,HR
784,Brandy,3652,40,HR
785,Justin,8772,40,Finance
786,Thomas,1765,66,IT
787,Jonathan,2711,68,Marketing
788,Edward,7717,66,IT
789,Daniel,9655,32,Marketing
790,Gregory,1795,41,Sales
791,John,5350,38,HR
792,David,9159,35,Marketing
793,Dylan,3602,47,Finance
794,John,1470,61,Sales
795,Rachel,6822,43,Finance
796,James,5594,68,IT
797,Jason,5022,36,HR
798,Todd,7901,60,Sales
799,Gary,4841,56,IT
800,Joshua,8118,57,IT
801,Larry,6184,34,Finance
802,Kimberly,3975,25,IT
803,Mary,2816,61,Sales
804,Lisa,6926,48,IT
805,Jason,1339,61,IT
806,Tonya,2973,72,Sales
807,David,4974,41,Finance
808,Alan,1024,45,HR
809,William,6715,36,Marketing
810,Stephanie,9600,31,Sales
811,Christopher,8017,68,HR
812,Evan,6560,25,HR
813,Teresa,4544,39,Marketing
814,Amber,2195,44,IT
815,John,3750,36,Marketing
816,Mark,4123,56,IT
817,Destiny,9521,60,IT
818,Robert,5104,69,HR
819,Dennis,8936,38,IT
820,Sandra,3439,51,IT
821,Jamie,8534,60,Finance
822,Daniel,1921,50,IT
823,Yolanda,2574,55,Marketing
824,Lydia,7539,46,HR
825,Christine,2951,57,HR
826,Jennifer,9859,63,Finance
827,Taylor,3522,72,Marketing
828,Jessica,3507,42,Finance
829,Rachel,2450,28,Marketing
830,Philip,8614,57,Marketing
831,Ann,4778,62,Marketing
832,Jennifer,3078,65,Sales
833,Jose,5413,69,Sales
834,Ryan,8991,49,Sales
835,Gary,6431,69,HR
836,James,3264,72,IT
837,David,1414,28,Marketing
838,Daniel,4654,35,Finance
839,Bryan,2971,64,IT
840,Emily,9751,66,IT
841,David,7155,59,Sales
842,Elizabeth,4362,69,Sales
843,Teresa,4297,60,HR
844,Carla,3338,34,Sales
845,Michael,8837,32,IT
846,Garrett,2850,27,Sales
847,Michael,1513,50,Finance
848,Jeffrey,3447,29,Finance
849,David,1911,50,Finance
850,Matthew,5585,47,Sales
851,Kelly,9336,41,Marketing
852,Jason,1786,48,Sales
853,Jose,7396,32,Sales
854,Andrea,2448,48,Sales
855,Caleb,6900,65,Finance
856,Eric,9883,74,Marketing
857,Michael,8811,68,Marketing
858,Charles,5333,52,Sales
859,Lisa,9123,43,IT
860,Hunter,6422,31,IT
861,Denise,3707,47,Marketing
862,Melissa,2666,55,Marketing
863,Scott,8496,51,Finance
864,Gary,3521,29,HR
865,Paul,6514,75,Finance
866,Donald,4258,70,IT
867,Christopher,7188,72,Marketing
868,Christine,4150,44,Sales
869,Daniel,3892,45,HR
870,Taylor,7820,61,Finance
871,Judy,1040,55,HR
872,Melanie,6937,50,Sales
873,Teresa,3317,36,HR
874,Douglas,1352,50,Marketing
875,Marc,4854,57,IT
876,Debra,4159,34,IT
877,Tammy,3049,44,Sales
878,John,2119,77,Marketing
879,Amy,3752,51,Marketing
880,Hannah,5483,72,Sales
881,Steven,1841,30,HR
882,Alexandra,4765,26,IT
883,Seth,5698,67,IT
884,Lauren,4326,29,IT
885,Gregory,9096,45,IT
886,Anthony,5010,65,HR
887,Jennifer,9344,74,Sales
888,Gabriel,6194,30,IT
889,Aaron,7844,75,Finance
890,Matthew,8460,40,IT
891,Monique,4081,52,IT
892,Nathan,2856,69,Sales
893,Sharon,2488,31,Sales
894,Erika,6258,70,Finance
895,Shannon,2301,69,IT
896,Donald,4118,25,IT
897,Janet,3692,77,Marketing
898,Deborah,3574,64,Marketing
899,Christopher,9652,45,IT
900,Amanda,5288,35,HR
901,Ryan,5293,71,Finance
902,Gina,4277,26,HR
903,Thomas,9263,63,Sales
904,Craig,9381,61,Sales
905,Danielle,5069,38,HR
906,Daniel,6977,69,IT
907,Julia,3168,46,HR
908,Randy,6161,49,Finance
909,Thomas,4115,60,Finance
910,Jacqueline,3214,37,HR
911,Rodney,4906,35,IT
912,Jonathan,2370,56,Sales
913,Sandra,2325,32,Marketing
914,John,7913,69,HR
915,Tara,7437,47,IT
916,Ann,2637,43,Sales
917,Kelly,2117,43,IT
918,Gary,9328,50,HR
919,Daniel,3422,31,Marketing
920,Dana,2343,63,HR
921,Linda,7686,76,Finance
922,Jeffrey,2014,25,Sales
923,Gabrielle,4585,66,Marketing
924,Sherry,4117,69,Marketing
925,Jay,9709,50,IT
926,Alexandria,9343,65,IT
927,Rebecca,6864,42,IT
928,Eric,8396,29,Finance
929,Craig,8021,54,HR
930,Eric,4179,38,HR
931,Larry,4941,41,IT
932,Robert,1294,32,Marketing
933,Douglas,1630,60,Finance
934,Andrew,9178,67,IT
935,Jesse,4924,66,HR
936,Christine,5057,74,IT
937,Brittany,3739,76,Finance
938,Jonathan,5086,59,HR
939,Trevor,6058,38,Sales
940,Jacqueline,5797,76,Marketing
941,Abigail,1679,36,Marketing
942,Marilyn,9561,61,Sales
943,Tracy,9853,77,Finance
944,Michelle,8971,54,HR
945,Johnathan,4716,33,Finance
946,Scott,2605,44,Finance
947,Autumn,1360,60,Sales
948,Nathan,2365,28,HR
949,Jonathan,4573,72,Finance
950,James,3702,28,Finance
951,Ethan,6009,48,IT
952,Bruce,8248,25,Marketing
953,Erika,8349,72,IT
954,Ryan,2274,78,HR
955,Haley,2623,76,Sales
956,Nicole,8147,34,HR
957,Nancy,3697,62,Marketing
958,Dawn,7672,72,Finance
959,Robyn,4593,63,Sales
960,Tiffany,2636,25,Marketing
961,Jennifer,7739,28,Finance
962,Melissa,3324,38,IT
963,Bailey,8026,48,IT
964,Taylor,5557,42,Finance
965,Willie,3430,42,Marketing
966,Alison,7106,29,Marketing
967,James,5806,63,Marketing
968,Michael,5129,37,HR
969,Dylan,5237,48,IT
970,Phillip,3613,33,IT
971,Christopher,3849,70,Marketing
972,Elizabeth,4461,63,Sales
973,Jamie,2768,40,HR
974,Samuel,5187,37,Marketing
975,Danielle,6082,26,HR
976,Victoria,3983,50,Finance
977,Sarah,2127,47,IT
978,Debbie,2252,57,Marketing
979,Anthony,5038,45,Marketing
980,Ann,2143,26,HR
981,Stephen,5098,34,HR
982,Daniel,6972,74,HR
983,Ryan,5531,78,IT
984,Christine,8896,71,Sales
985,Brady,2827,62,Marketing
986,Mary,6744,72,Sales
987,Pamela,4900,27,IT
988,Elizabeth,4176,48,Finance
989,Louis,2975,42,Sales
990,Lindsay,2521,29,Finance
991,Bailey,2551,64,Marketing
992,Janice,8465,67,Finance
993,Nicole,5380,35,IT
994,Brian,2031,63,HR
995,Janet,7773,27,Finance
996,Katrina,3728,27,Marketing
997,Tina,4488,75,Marketing
998,Ian,1833,35,Sales
999,Brian,8059,75,Finance
1000,Rebecca,4966,50,Marketing
